DATAYEAR,QUARTER,MONTH,COUNTRY,OU Site Identifier,Site Name,Count,Overall Satisfaction,Treated Like a Guest,Clean and Bright,Everything Works,Quick and Easy,Staff Suggestion Satisfaction,Likelihood to Return,NPS,Likelihood to Recommend
2017,2,6,Botswana,10043343,Bangwaketse F/stn,6,83.3%,100.0%,50.0%,50.0%,66.7%,60.0%,83.3%,100.0%,50.0%
2017,2,6,Botswana,10043330,Kudu S/stn,1,100.0%,100.0%,100.0%,100.0%,100.0%,100.0%,0.0%,100.0%,100.0%
2017,2,6,Botswana,10090635,Ledumadumane Filling Station,5,80.0%,80.0%,60.0%,80.0%,70.0%,50.0%,80.0%,80.0%,60.0%
2017,2,6,Botswana,10043344,Moshupa F/stn,19,78.9%,73.7%,47.4%,52.6%,47.4%,43.8%,89.5%,89.5%,57.9%
2017,2,6,Botswana,10043358,Riley's Garage,9,33.3%,55.6%,55.6%,55.6%,44.4%,28.6%,77.8%,88.9%,66.7%
2017,2,6,Ghana,400072,3Rd Gate Ashaley Botwe S/s,2,50.0%,50.0%,50.0%,50.0%,25.0%,100.0%,50.0%,0.0%,0.0%
2017,2,6,Ghana,10090700,Aboaso Mampong,7,100.0%,100.0%,100.0%,100.0%,100.0%,100.0%,100.0%,100.0%,100.0%
2017,2,6,Ghana,10044183,Airport R/a F/s,2,50.0%,50.0%,50.0%,50.0%,0.0%,0.0%,0.0%,50.0%,50.0%
2017,2,6,Ghana,10044235,Akim Oda S/s,1,100.0%,100.0%,0.0%,0.0%,50.0%,N/A,100.0%,100.0%,100.0%
2017,2,6,Ghana,10090702,Aputuogya,2,100.0%,100.0%,100.0%,100.0%,100.0%,100.0%,100.0%,100.0%,100.0%
2017,2,6,Ghana,10090704,Ashaiman Town Center S/s,3,100.0%,100.0%,66.7%,100.0%,83.3%,100.0%,100.0%,100.0%,100.0%
2017,2,6,Ghana,10044203,Asuoyeboah F/s,1,100.0%,100.0%,100.0%,100.0%,100.0%,100.0%,100.0%,100.0%,100.0%
2017,2,6,Ghana,10044164,Avenor S/s,22,86.4%,77.3%,77.3%,81.8%,70.5%,61.9%,90.9%,90.9%,68.2%
2017,2,6,Ghana,10044165,Cantoments S/s,1,0.0%,0.0%,0.0%,0.0%,0.0%,0.0%,100.0%,0.0%,0.0%
2017,2,6,Ghana,10044167,Coastal Rd F/s,2,100.0%,50.0%,50.0%,50.0%,50.0%,100.0%,100.0%,0.0%,0.0%
2017,2,6,Ghana,10044178,Dansoman S/s,6,50.0%,50.0%,33.3%,33.3%,58.3%,16.7%,66.7%,66.7%,0.0%
2017,2,6,Ghana,10044211,Ho S/s,3,66.7%,66.7%,66.7%,66.7%,66.7%,50.0%,66.7%,0.0%,33.3%
2017,2,6,Ghana,10044213,Hohoe S/s,4,75.0%,50.0%,50.0%,75.0%,75.0%,33.3%,75.0%,50.0%,25.0%
2017,2,6,Ghana,10083329,Ketaase Peduase S/s.,1,0.0%,0.0%,0.0%,0.0%,0.0%,0.0%,100.0%,100.0%,0.0%
2017,2,6,Ghana,10056878,Kia S/s,1,0.0%,0.0%,0.0%,0.0%,0.0%,N/A,0.0%,0.0%,0.0%
2017,2,6,Ghana,10044238,Kintampo F/s,1,100.0%,0.0%,0.0%,0.0%,0.0%,N/A,0.0%,0.0%,0.0%
2017,2,6,Ghana,10044214,Kpandu S/s,4,100.0%,100.0%,100.0%,100.0%,100.0%,100.0%,100.0%,100.0%,100.0%
2017,2,6,Ghana,10072037,Legon S/s,1,100.0%,100.0%,100.0%,0.0%,100.0%,100.0%,100.0%,100.0%,100.0%
2017,2,6,Ghana,400001,Mallam S/s,2,50.0%,50.0%,0.0%,100.0%,75.0%,50.0%,100.0%,100.0%,100.0%
2017,2,6,Ghana,10044177,Mataheko-Hansonic S/s,4,25.0%,25.0%,50.0%,25.0%,25.0%,25.0%,50.0%,75.0%,75.0%
2017,2,6,Ghana,10044145,Nima S/s,4,50.0%,25.0%,50.0%,50.0%,25.0%,100.0%,75.0%,25.0%,50.0%
2017,2,6,Ghana,10090698,Nsawam By Pass S/s,1,100.0%,0.0%,0.0%,0.0%,0.0%,N/A,0.0%,0.0%,0.0%
2017,2,6,Ghana,10044234,Nsawam High S/s,1,100.0%,100.0%,100.0%,100.0%,100.0%,100.0%,100.0%,100.0%,100.0%
2017,2,6,Ghana,10056894,Odorkor West S/s,4,50.0%,25.0%,50.0%,50.0%,37.5%,33.3%,50.0%,50.0%,50.0%
2017,2,6,Ghana,10044221,Prestea F/p,2,100.0%,50.0%,50.0%,50.0%,50.0%,100.0%,100.0%,0.0%,50.0%
2017,2,6,Ghana,10044240,Savelugu Rd S/s,1,100.0%,100.0%,100.0%,100.0%,100.0%,100.0%,100.0%,100.0%,0.0%
2017,2,6,Ghana,10044182,Spintex Road S/s,1,100.0%,100.0%,100.0%,100.0%,100.0%,100.0%,100.0%,100.0%,100.0%
2017,2,6,Ghana,400039,Tafo-Maduma S/s,1,100.0%,100.0%,100.0%,100.0%,100.0%,N/A,100.0%,100.0%,100.0%
2017,2,6,Ghana,10089126,Takoradi - Bokro S/s,1,0.0%,100.0%,0.0%,0.0%,100.0%,0.0%,100.0%,100.0%,100.0%
2017,2,6,Ghana,400021,Tema Com. 11,2,100.0%,100.0%,100.0%,100.0%,100.0%,100.0%,100.0%,100.0%,100.0%
2017,2,6,Ghana,400041,Tema Community 8,1,100.0%,100.0%,100.0%,100.0%,50.0%,100.0%,100.0%,100.0%,100.0%
2017,2,6,Ghana,10044176,Tema Round About,2,50.0%,50.0%,100.0%,50.0%,100.0%,0.0%,100.0%,100.0%,100.0%
2017,2,6,Ghana,400022,Winneba,3,100.0%,100.0%,100.0%,100.0%,100.0%,100.0%,100.0%,100.0%,100.0%
2017,2,6,Ghana,10044219,Wireless Hill,4,100.0%,100.0%,75.0%,100.0%,75.0%,75.0%,100.0%,100.0%,100.0%
2017,2,6,Ivory Coast,10044123,220 Logements,6,50.0%,66.7%,66.7%,33.3%,50.0%,33.3%,66.7%,66.7%,50.0%
2017,2,6,Ivory Coast,10083862,Abobo Depot Sotra,3,33.3%,33.3%,33.3%,33.3%,16.7%,0.0%,33.3%,33.3%,33.3%
2017,2,6,Ivory Coast,10044025,Abobo S/s,2,0.0%,0.0%,0.0%,0.0%,0.0%,N/A,0.0%,0.0%,0.0%
2017,2,6,Ivory Coast,10044124,Abobote,6,33.3%,83.3%,16.7%,33.3%,33.3%,40.0%,50.0%,66.7%,50.0%
2017,2,6,Ivory Coast,10044042,Ameca 2,1,100.0%,100.0%,100.0%,100.0%,100.0%,N/A,100.0%,100.0%,100.0%
2017,2,6,Ivory Coast,10044026,Autoroute Du Nord S/ss,1,0.0%,0.0%,0.0%,0.0%,50.0%,0.0%,0.0%,0.0%,0.0%
2017,2,6,Ivory Coast,10044117,Autoroute Sud,2,0.0%,0.0%,0.0%,0.0%,0.0%,0.0%,0.0%,0.0%,0.0%
2017,2,6,Ivory Coast,10044097,Banco Autoroute,6,50.0%,50.0%,33.3%,50.0%,16.7%,25.0%,66.7%,33.3%,50.0%
2017,2,6,Ivory Coast,10044027,Banco Nord S/s,7,42.9%,33.3%,28.6%,33.3%,21.4%,0.0%,57.1%,100.0%,85.7%
2017,2,6,Ivory Coast,10044132,Bassam,12,100.0%,100.0%,100.0%,100.0%,100.0%,100.0%,100.0%,100.0%,100.0%
2017,2,6,Ivory Coast,10044092,Bonoumin,1,100.0%,0.0%,100.0%,100.0%,100.0%,N/A,100.0%,100.0%,100.0%
2017,2,6,Ivory Coast,10044038,Boulevard De La Paix,4,0.0%,0.0%,0.0%,0.0%,0.0%,0.0%,25.0%,0.0%,0.0%
2017,2,6,Ivory Coast,10044099,Cocody,1,0.0%,0.0%,0.0%,0.0%,0.0%,N/A,0.0%,0.0%,0.0%
2017,2,6,Ivory Coast,10044061,Daloa Gare Routiere,1,0.0%,100.0%,100.0%,0.0%,50.0%,N/A,0.0%,0.0%,0.0%
2017,2,6,Ivory Coast,10044095,Deux Plateaux Sortie Rue Des Jar,3,66.7%,66.7%,66.7%,33.3%,40.0%,100.0%,66.7%,66.7%,33.3%
2017,2,6,Ivory Coast,10044044,Hopital,3,33.3%,0.0%,100.0%,66.7%,50.0%,0.0%,66.7%,100.0%,66.7%
2017,2,6,Ivory Coast,10090467,La 7Me Tranche,1,0.0%,0.0%,100.0%,100.0%,50.0%,N/A,100.0%,100.0%,100.0%
2017,2,6,Ivory Coast,10090479,La Abobo Kennedy,2,100.0%,50.0%,50.0%,50.0%,75.0%,50.0%,100.0%,100.0%,50.0%
2017,2,6,Ivory Coast,10090477,La Abobo Route Alepe,13,92.3%,92.3%,69.2%,84.6%,76.9%,80.0%,100.0%,100.0%,100.0%
2017,2,6,Ivory Coast,10090476,La Abobote,1,100.0%,100.0%,100.0%,0.0%,50.0%,0.0%,0.0%,0.0%,0.0%
2017,2,6,Ivory Coast,10090478,La Adjam,1,100.0%,100.0%,0.0%,100.0%,100.0%,100.0%,100.0%,100.0%,100.0%
2017,2,6,Ivory Coast,10090494,La Anono,1,0.0%,0.0%,0.0%,0.0%,0.0%,0.0%,100.0%,100.0%,0.0%
2017,2,6,Ivory Coast,10090470,La Autoroute Nord,1,0.0%,0.0%,100.0%,0.0%,0.0%,N/A,0.0%,0.0%,0.0%
2017,2,6,Ivory Coast,10090473,La N'dotre,1,0.0%,0.0%,N/A,N/A,0.0%,0.0%,0.0%,0.0%,0.0%
2017,2,6,Ivory Coast,10090490,La Yopougon Cite Verte,1,0.0%,100.0%,0.0%,0.0%,0.0%,0.0%,100.0%,100.0%,100.0%
2017,2,6,Ivory Coast,10044030,Lagunaire,5,20.0%,0.0%,0.0%,0.0%,0.0%,0.0%,80.0%,100.0%,100.0%
2017,2,6,Ivory Coast,10044024,Latrille B S/s,2,50.0%,0.0%,0.0%,0.0%,25.0%,0.0%,50.0%,0.0%,0.0%
2017,2,6,Ivory Coast,10044065,Man Chapelle,1,0.0%,0.0%,0.0%,0.0%,0.0%,100.0%,0.0%,100.0%,0.0%
2017,2,6,Ivory Coast,10044048,Marcory Ste Therese,1,0.0%,100.0%,0.0%,100.0%,100.0%,0.0%,100.0%,0.0%,0.0%
2017,2,6,Ivory Coast,10044034,Paris,2,0.0%,0.0%,0.0%,50.0%,25.0%,N/A,0.0%,0.0%,0.0%
2017,2,6,Ivory Coast,28100441,Po Anoumabo,2,50.0%,50.0%,50.0%,50.0%,75.0%,50.0%,50.0%,100.0%,0.0%
2017,2,6,Ivory Coast,28100436,Po Koweit,1,100.0%,100.0%,0.0%,100.0%,100.0%,100.0%,100.0%,100.0%,100.0%
2017,2,6,Ivory Coast,28100443,Po Route Bingerville Carrefour Jules Vernes,1,0.0%,0.0%,0.0%,0.0%,0.0%,100.0%,100.0%,100.0%,0.0%
2017,2,6,Ivory Coast,10044041,Port Bouet,1,100.0%,100.0%,100.0%,100.0%,100.0%,100.0%,100.0%,0.0%,0.0%
2017,2,6,Ivory Coast,10087239,Riviera Cap Nord,13,61.5%,84.6%,69.2%,61.5%,53.8%,60.0%,76.9%,69.2%,76.9%
2017,2,6,Ivory Coast,10044028,Riviera Golf,3,66.7%,66.7%,33.3%,66.7%,66.7%,66.7%,100.0%,33.3%,66.7%
2017,2,6,Ivory Coast,10044101,Riviéra Lycée Hotelier,1,100.0%,0.0%,0.0%,100.0%,0.0%,N/A,100.0%,100.0%,100.0%
2017,2,6,Ivory Coast,10090474,Ro Abobo Route Anyama,3,66.7%,100.0%,100.0%,100.0%,66.7%,100.0%,100.0%,100.0%,100.0%
2017,2,6,Ivory Coast,10090475,Ro Abobo Route Camp Commando,4,75.0%,75.0%,50.0%,25.0%,62.5%,100.0%,50.0%,50.0%,75.0%
2017,2,6,Ivory Coast,10090461,Ro Port Bouet,3,0.0%,0.0%,0.0%,0.0%,0.0%,0.0%,0.0%,33.3%,33.3%
2017,2,6,Ivory Coast,10090489,Ro Yopougon Gesco,2,0.0%,0.0%,0.0%,0.0%,0.0%,0.0%,50.0%,100.0%,0.0%
2017,2,6,Ivory Coast,10044032,Roume,4,25.0%,50.0%,75.0%,25.0%,25.0%,33.3%,75.0%,75.0%,75.0%
2017,2,6,Ivory Coast,10044029,Route D'anyama,2,50.0%,50.0%,50.0%,50.0%,50.0%,50.0%,100.0%,100.0%,100.0%
2017,2,6,Ivory Coast,10044037,Route Du Zoo,4,25.0%,50.0%,25.0%,50.0%,75.0%,25.0%,50.0%,75.0%,25.0%
2017,2,6,Ivory Coast,10044075,San Pedro,2,50.0%,50.0%,0.0%,50.0%,25.0%,100.0%,50.0%,0.0%,50.0%
2017,2,6,Ivory Coast,10044091,Williamsville Ii,1,100.0%,100.0%,100.0%,100.0%,100.0%,100.0%,100.0%,100.0%,0.0%
2017,2,6,Ivory Coast,10044078,Yamoussokro,3,66.7%,66.7%,66.7%,33.3%,50.0%,33.3%,66.7%,0.0%,0.0%
2017,2,6,Ivory Coast,10044089,Yopougon Chu A,1,0.0%,0.0%,0.0%,0.0%,50.0%,N/A,0.0%,0.0%,0.0%
2017,2,6,Ivory Coast,10087372,Yopougon Koute,1,100.0%,100.0%,100.0%,100.0%,100.0%,100.0%,100.0%,100.0%,100.0%
2017,2,6,Ivory Coast,10061169,Yopougon Lycee Technique,42,26.2%,33.3%,26.2%,21.4%,28.6%,27.8%,71.4%,59.5%,52.4%
2017,2,6,Kenya,10044498,Argwings Kodhek Road Serv,9,55.6%,77.8%,55.6%,77.8%,77.8%,50.0%,88.9%,77.8%,66.7%
2017,2,6,Kenya,10044534,Athi River Service Station,4,100.0%,100.0%,100.0%,100.0%,100.0%,75.0%,100.0%,100.0%,100.0%
2017,2,6,Kenya,10044499,Avenue Service Station,1,100.0%,100.0%,100.0%,100.0%,100.0%,100.0%,100.0%,100.0%,100.0%
2017,2,6,Kenya,10044516,Baba Dogo,1,100.0%,100.0%,0.0%,0.0%,100.0%,N/A,0.0%,0.0%,0.0%
2017,2,6,Kenya,10089715,Banana Service Station,8,100.0%,75.0%,62.5%,87.5%,68.8%,42.9%,100.0%,50.0%,37.5%
2017,2,6,Kenya,10044517,Baraka Service Station,20,85.0%,95.0%,94.7%,85.0%,81.6%,63.2%,95.0%,90.0%,75.0%
2017,2,6,Kenya,10044518,Bellevue Service Station,4,75.0%,100.0%,25.0%,50.0%,62.5%,25.0%,75.0%,75.0%,75.0%
2017,2,6,Kenya,10090737,Bonje Hills Service Station,4,100.0%,75.0%,75.0%,75.0%,100.0%,75.0%,100.0%,100.0%,75.0%
2017,2,6,Kenya,10044456,Buxton Service Station,3,100.0%,100.0%,100.0%,100.0%,83.3%,66.7%,100.0%,100.0%,66.7%
2017,2,6,Kenya,700003,Chaka,4,75.0%,100.0%,50.0%,100.0%,37.5%,0.0%,75.0%,100.0%,75.0%
2017,2,6,Kenya,700000,Chania Energy Service Station,5,80.0%,100.0%,100.0%,80.0%,80.0%,100.0%,100.0%,100.0%,100.0%
2017,2,6,Kenya,10044552,Dagoretti Service Station,3,66.7%,66.7%,100.0%,33.3%,50.0%,66.7%,33.3%,33.3%,66.7%
2017,2,6,Kenya,10044537,Dandora Service Station,16,75.0%,75.0%,68.8%,68.8%,71.9%,66.7%,93.3%,93.8%,50.0%
2017,2,6,Kenya,10090654,Eastern By-Pass Service Station,1,100.0%,100.0%,100.0%,100.0%,50.0%,N/A,100.0%,100.0%,100.0%
2017,2,6,Kenya,10044538,Eastleigh Service Station,2,100.0%,50.0%,0.0%,50.0%,0.0%,100.0%,100.0%,50.0%,50.0%
2017,2,6,Kenya,700002,Eldoret,5,100.0%,80.0%,80.0%,60.0%,80.0%,60.0%,80.0%,80.0%,80.0%
2017,2,6,Kenya,10044500,Enterprise Road,1,100.0%,100.0%,0.0%,100.0%,100.0%,0.0%,0.0%,100.0%,0.0%
2017,2,6,Kenya,700018,Fanaka,1,100.0%,100.0%,100.0%,100.0%,50.0%,0.0%,100.0%,0.0%,0.0%
2017,2,6,Kenya,10090662,Fedha Service Station,4,50.0%,100.0%,50.0%,75.0%,37.5%,25.0%,75.0%,100.0%,50.0%
2017,2,6,Kenya,10044553,Forest Road Service St,8,62.5%,87.5%,62.5%,62.5%,62.5%,50.0%,87.5%,75.0%,75.0%
2017,2,6,Kenya,10044478,Garissa Service Station,1,0.0%,100.0%,100.0%,100.0%,100.0%,0.0%,100.0%,100.0%,0.0%
2017,2,6,Kenya,10044539,Gatundu Service Station,4,75.0%,75.0%,50.0%,50.0%,62.5%,33.3%,50.0%,100.0%,50.0%
2017,2,6,Kenya,10044502,Gethin & Dawson Service Station,6,100.0%,100.0%,83.3%,83.3%,91.7%,80.0%,100.0%,100.0%,100.0%
2017,2,6,Kenya,10090664,Gilgil Service Station,1,100.0%,100.0%,100.0%,100.0%,100.0%,0.0%,100.0%,100.0%,100.0%
2017,2,6,Kenya,10089535,Gitimbine,1,100.0%,100.0%,0.0%,100.0%,100.0%,0.0%,100.0%,100.0%,100.0%
2017,2,6,Kenya,10044503,Haile Selassie Ss,1,100.0%,100.0%,0.0%,100.0%,0.0%,0.0%,0.0%,0.0%,0.0%
2017,2,6,Kenya,10044519,Highview Service Station,17,82.4%,82.4%,76.5%,70.6%,79.4%,46.2%,94.1%,94.1%,70.6%
2017,2,6,Kenya,10044575,Hyrax Hill Service Station,4,100.0%,100.0%,100.0%,100.0%,87.5%,100.0%,100.0%,100.0%,100.0%
2017,2,6,Kenya,10044520,Industrial Area Service S,1,100.0%,100.0%,100.0%,100.0%,100.0%,100.0%,100.0%,100.0%,100.0%
2017,2,6,Kenya,10044479,Isiolo Service Station,8,87.5%,75.0%,75.0%,62.5%,75.0%,85.7%,100.0%,100.0%,100.0%
2017,2,6,Kenya,10044481,Kangari Market Service,1,0.0%,100.0%,100.0%,100.0%,100.0%,100.0%,100.0%,100.0%,100.0%
2017,2,6,Kenya,10044504,Karen Service Station (Bp,25,80.0%,79.2%,75.0%,70.8%,54.2%,43.8%,91.7%,84.0%,76.0%
2017,2,6,Kenya,700042,Kariobangi Service Station,1,100.0%,100.0%,100.0%,100.0%,50.0%,100.0%,100.0%,100.0%,100.0%
2017,2,6,Kenya,700046,Kasarani Service Station,1,100.0%,100.0%,100.0%,100.0%,50.0%,100.0%,100.0%,100.0%,100.0%
2017,2,6,Kenya,10044483,Kenyatta Street Service St,1,100.0%,100.0%,100.0%,100.0%,100.0%,100.0%,100.0%,100.0%,100.0%
2017,2,6,Kenya,10044544,Kiambu Service Station,1,100.0%,100.0%,100.0%,100.0%,100.0%,100.0%,100.0%,100.0%,100.0%
2017,2,6,Kenya,10044585,Kihara Service Station,4,100.0%,50.0%,75.0%,50.0%,62.5%,66.7%,66.7%,100.0%,75.0%
2017,2,6,Kenya,10044521,Kileleshwa,2,100.0%,100.0%,50.0%,50.0%,50.0%,100.0%,100.0%,100.0%,50.0%
2017,2,6,Kenya,10044484,Kinoru Service Station,1,100.0%,100.0%,100.0%,100.0%,100.0%,N/A,100.0%,100.0%,100.0%
2017,2,6,Kenya,10044485,Kirimari Service Station,1,100.0%,0.0%,0.0%,100.0%,50.0%,N/A,100.0%,100.0%,100.0%
2017,2,6,Kenya,700001,Komarock,1,100.0%,100.0%,100.0%,100.0%,100.0%,100.0%,100.0%,100.0%,100.0%
2017,2,6,Kenya,10044460,Kwa Jomvu,3,100.0%,100.0%,100.0%,100.0%,83.3%,100.0%,66.7%,33.3%,33.3%
2017,2,6,Kenya,10089534,Kyumbi,1,0.0%,0.0%,0.0%,0.0%,0.0%,0.0%,0.0%,0.0%,0.0%
2017,2,6,Kenya,700034,Laare,4,100.0%,50.0%,50.0%,75.0%,62.5%,0.0%,75.0%,100.0%,75.0%
2017,2,6,Kenya,10044545,Landhies Road Service Station,7,57.1%,71.4%,85.7%,57.1%,50.0%,100.0%,71.4%,71.4%,71.4%
2017,2,6,Kenya,10044522,Lavington Service Station,8,50.0%,50.0%,37.5%,50.0%,50.0%,60.0%,87.5%,62.5%,62.5%
2017,2,6,Kenya,10044523,Likoni Road Service Station,3,100.0%,100.0%,100.0%,100.0%,100.0%,66.7%,66.7%,66.7%,0.0%
2017,2,6,Kenya,10044505,Limuru Road Service Stati,27,81.5%,92.6%,59.3%,66.7%,68.5%,65.0%,92.6%,92.6%,70.4%
2017,2,6,Kenya,10044506,Limuru Town Service Station,3,33.3%,66.7%,33.3%,66.7%,50.0%,66.7%,66.7%,0.0%,0.0%
2017,2,6,Kenya,10044461,Links Road Filling Statio,15,80.0%,80.0%,73.3%,73.3%,80.0%,20.0%,80.0%,100.0%,73.3%
2017,2,6,Kenya,10044558,Madaraka Service Station,5,80.0%,100.0%,40.0%,60.0%,90.0%,25.0%,80.0%,80.0%,80.0%
2017,2,6,Kenya,700025,Mai Mahiu,1,100.0%,100.0%,100.0%,0.0%,50.0%,0.0%,100.0%,0.0%,0.0%
2017,2,6,Kenya,10044488,Makongeni Service Station,5,80.0%,40.0%,60.0%,60.0%,50.0%,60.0%,100.0%,100.0%,100.0%
2017,2,6,Kenya,700007,Makuyu Service Station,9,0.0%,0.0%,0.0%,0.0%,0.0%,0.0%,0.0%,100.0%,0.0%
2017,2,6,Kenya,700028,Malaba,4,75.0%,50.0%,25.0%,25.0%,37.5%,66.7%,100.0%,75.0%,25.0%
2017,2,6,Kenya,10044489,Marsabit Service Station,1,0.0%,100.0%,0.0%,0.0%,50.0%,100.0%,100.0%,100.0%,100.0%
2017,2,6,Kenya,10044559,Masari Road Service St,2,50.0%,100.0%,100.0%,100.0%,50.0%,0.0%,100.0%,100.0%,50.0%
2017,2,6,Kenya,10044533,Mbotela,15,86.7%,100.0%,80.0%,60.0%,83.3%,69.2%,100.0%,80.0%,40.0%
2017,2,6,Kenya,700020,Membley,2,100.0%,100.0%,50.0%,100.0%,100.0%,100.0%,100.0%,100.0%,50.0%
2017,2,6,Kenya,10044465,Miritini Service Station,6,83.3%,83.3%,100.0%,83.3%,83.3%,100.0%,100.0%,100.0%,83.3%
2017,2,6,Kenya,700012,Mlolongo,9,77.8%,88.9%,55.6%,66.7%,44.4%,88.9%,77.8%,88.9%,66.7%
2017,2,6,Kenya,700044,Muguga Service Station,1,0.0%,0.0%,0.0%,0.0%,0.0%,N/A,100.0%,100.0%,100.0%
2017,2,6,Kenya,10044490,Mugumo Service Station,2,100.0%,50.0%,50.0%,50.0%,50.0%,100.0%,50.0%,0.0%,50.0%
2017,2,6,Kenya,10044491,Mukaro Service Station,2,100.0%,100.0%,100.0%,100.0%,100.0%,100.0%,100.0%,100.0%,100.0%
2017,2,6,Kenya,10044547,Mumias Road Service Stati,2,100.0%,100.0%,50.0%,50.0%,100.0%,50.0%,100.0%,50.0%,50.0%
2017,2,6,Kenya,10044580,Naivasha Service Station,9,88.9%,77.8%,100.0%,77.8%,83.3%,100.0%,100.0%,88.9%,77.8%
2017,2,6,Kenya,700010,Namanga,1,100.0%,100.0%,100.0%,100.0%,100.0%,100.0%,100.0%,100.0%,100.0%
2017,2,6,Kenya,10044561,Nanak Service Station,5,80.0%,100.0%,100.0%,100.0%,100.0%,100.0%,100.0%,100.0%,100.0%
2017,2,6,Kenya,10044581,Narok Service Station,1,100.0%,0.0%,100.0%,0.0%,100.0%,0.0%,100.0%,0.0%,0.0%
2017,2,6,Kenya,10044525,New Commercial,1,100.0%,100.0%,100.0%,100.0%,100.0%,100.0%,100.0%,100.0%,100.0%
2017,2,6,Kenya,700021,New Eldoret,1,100.0%,100.0%,100.0%,100.0%,100.0%,N/A,100.0%,100.0%,100.0%
2017,2,6,Kenya,10044493,New Gatitu Service Station,19,100.0%,100.0%,94.7%,94.7%,94.7%,100.0%,100.0%,89.5%,94.7%
2017,2,6,Kenya,10044508,New Langata Service Station,24,83.3%,91.7%,95.8%,91.7%,85.4%,100.0%,100.0%,95.8%,91.7%
2017,2,6,Kenya,10044469,New Voi Service Station,1,0.0%,0.0%,0.0%,0.0%,0.0%,0.0%,0.0%,0.0%,0.0%
2017,2,6,Kenya,10090659,Ngong Road Service Station,4,75.0%,75.0%,75.0%,50.0%,50.0%,50.0%,75.0%,75.0%,75.0%
2017,2,6,Kenya,10090661,Nkubu Service Station,1,100.0%,100.0%,0.0%,100.0%,0.0%,N/A,100.0%,100.0%,0.0%
2017,2,6,Kenya,10044509,Northview Service Station,8,100.0%,100.0%,100.0%,100.0%,100.0%,100.0%,100.0%,100.0%,87.5%
2017,2,6,Kenya,700004,Nyakoe,1,0.0%,0.0%,100.0%,0.0%,50.0%,N/A,100.0%,0.0%,0.0%
2017,2,6,Kenya,10044470,Nyerere Avenue Service St,8,62.5%,75.0%,62.5%,50.0%,75.0%,85.7%,62.5%,62.5%,62.5%
2017,2,6,Kenya,10044494,Ol Daiga Service Station,3,100.0%,100.0%,100.0%,66.7%,83.3%,100.0%,100.0%,33.3%,66.7%
2017,2,6,Kenya,700029,Pangani,1,0.0%,100.0%,0.0%,0.0%,0.0%,N/A,0.0%,0.0%,0.0%
2017,2,6,Kenya,10044565,Parklands Service Station,12,100.0%,100.0%,83.3%,58.3%,75.0%,66.7%,83.3%,100.0%,83.3%
2017,2,6,Kenya,10044566,Riruta Service Station,3,66.7%,100.0%,66.7%,66.7%,50.0%,50.0%,100.0%,66.7%,33.3%
2017,2,6,Kenya,10044510,Roysambu Service Station,3,66.7%,100.0%,0.0%,33.3%,33.3%,100.0%,33.3%,0.0%,0.0%
2017,2,6,Kenya,10044550,Ruiru Service Station,2,100.0%,100.0%,100.0%,100.0%,50.0%,100.0%,100.0%,100.0%,0.0%
2017,2,6,Kenya,10090660,Runyenjes Service Station,1,100.0%,100.0%,100.0%,100.0%,100.0%,100.0%,100.0%,100.0%,100.0%
2017,2,6,Kenya,10044472,Sega Service Station,3,100.0%,33.3%,100.0%,33.3%,50.0%,66.7%,66.7%,100.0%,100.0%
2017,2,6,Kenya,10056361,Shell Phoenix,1,100.0%,100.0%,100.0%,100.0%,100.0%,N/A,100.0%,100.0%,100.0%
2017,2,6,Kenya,10044569,Sonning Road Service Stat,5,80.0%,80.0%,40.0%,40.0%,40.0%,60.0%,60.0%,80.0%,40.0%
2017,2,6,Kenya,10044511,Spanneright Service Station,2,100.0%,100.0%,0.0%,50.0%,25.0%,100.0%,100.0%,100.0%,50.0%
2017,2,6,Kenya,10044526,St. Austins Ss-Op. By Jac,4,50.0%,75.0%,75.0%,75.0%,62.5%,100.0%,75.0%,75.0%,50.0%
2017,2,6,Kenya,10044474,Station Square Service St,5,100.0%,100.0%,100.0%,100.0%,100.0%,100.0%,100.0%,100.0%,100.0%
2017,2,6,Kenya,700005,Tala,2,100.0%,100.0%,100.0%,100.0%,66.7%,100.0%,100.0%,100.0%,100.0%
2017,2,6,Kenya,10044527,Tegemeo Service Station,5,60.0%,60.0%,20.0%,60.0%,50.0%,33.3%,100.0%,60.0%,60.0%
2017,2,6,Kenya,10044497,Thika Commercial Service,5,100.0%,100.0%,40.0%,80.0%,80.0%,80.0%,100.0%,100.0%,80.0%
2017,2,6,Kenya,10044512,Thome Service Station (Bp,1,0.0%,0.0%,0.0%,100.0%,100.0%,N/A,100.0%,100.0%,100.0%
2017,2,6,Kenya,10044532,Uhuru Highway,7,71.4%,85.7%,71.4%,71.4%,64.3%,71.4%,71.4%,71.4%,71.4%
2017,2,6,Kenya,10044513,Uja Ngong Road Service Station,8,75.0%,87.5%,62.5%,62.5%,62.5%,75.0%,100.0%,75.0%,50.0%
2017,2,6,Kenya,10044571,Uthiru Service Station,2,0.0%,100.0%,50.0%,0.0%,25.0%,50.0%,100.0%,100.0%,50.0%
2017,2,6,Kenya,10044528,Valley Road Service St,5,100.0%,100.0%,20.0%,80.0%,60.0%,60.0%,80.0%,60.0%,60.0%
2017,2,6,Kenya,10044515,Vic Preston Serice Station,1,0.0%,0.0%,0.0%,0.0%,100.0%,0.0%,100.0%,100.0%,0.0%
2017,2,6,Kenya,10056681,Viwandani S.s.,4,75.0%,75.0%,100.0%,100.0%,100.0%,75.0%,100.0%,100.0%,50.0%
2017,2,6,Kenya,10084858,Wareng Service Station,4,75.0%,100.0%,50.0%,50.0%,87.5%,25.0%,75.0%,75.0%,50.0%
2017,2,6,Kenya,10044530,Westview Service Station,33,78.8%,69.7%,54.5%,57.6%,68.2%,50.0%,93.9%,81.8%,63.6%
2017,2,6,Kenya,10044531,Wilson Airport Service St,10,90.0%,90.0%,90.0%,60.0%,65.0%,90.0%,70.0%,50.0%,30.0%
2017,2,6,Kenya,10044475,Wundanyi Service Station,2,100.0%,50.0%,50.0%,100.0%,50.0%,0.0%,50.0%,100.0%,0.0%
2017,2,6,Madagascar,800004,Ambatomirahavavy,3,100.0%,66.7%,100.0%,33.3%,66.7%,66.7%,100.0%,100.0%,100.0%
2017,2,6,Madagascar,10044867,Ambatoroka,10,30.0%,30.0%,20.0%,20.0%,25.0%,20.0%,20.0%,100.0%,90.0%
2017,2,6,Madagascar,10090540,Amparafaravola,1,0.0%,100.0%,100.0%,100.0%,100.0%,100.0%,100.0%,100.0%,100.0%
2017,2,6,Madagascar,800006,Anosizato,15,100.0%,86.7%,80.0%,53.3%,60.0%,80.0%,86.7%,93.3%,80.0%
2017,2,6,Madagascar,10044872,Antanandava,3,100.0%,100.0%,100.0%,100.0%,100.0%,66.7%,100.0%,100.0%,100.0%
2017,2,6,Madagascar,800002,Antanimalandy,2,100.0%,100.0%,100.0%,100.0%,100.0%,100.0%,100.0%,100.0%,100.0%
2017,2,6,Madagascar,10044873,Avotra,2,0.0%,50.0%,0.0%,0.0%,0.0%,50.0%,0.0%,0.0%,0.0%
2017,2,6,Madagascar,10044876,Diamondra,6,66.7%,33.3%,66.7%,50.0%,58.3%,50.0%,66.7%,83.3%,16.7%
2017,2,6,Madagascar,10083359,Itaosy,19,84.2%,94.7%,73.7%,63.2%,71.1%,68.4%,89.5%,100.0%,78.9%
2017,2,6,Madagascar,10083861,Ivato,17,47.1%,70.6%,41.2%,29.4%,26.5%,35.3%,70.6%,100.0%,64.7%
2017,2,6,Madagascar,10044892,Loharano,6,83.3%,100.0%,16.7%,16.7%,25.0%,66.7%,100.0%,100.0%,50.0%
2017,2,6,Madagascar,10044899,Manangareza,3,0.0%,33.3%,33.3%,33.3%,16.7%,0.0%,0.0%,0.0%,0.0%
2017,2,6,Madagascar,10044901,Mangarivotra,28,100.0%,85.7%,75.0%,67.9%,75.0%,53.6%,100.0%,100.0%,100.0%
2017,2,6,Madagascar,10044912,Station De L'est,4,50.0%,75.0%,100.0%,100.0%,50.0%,50.0%,50.0%,75.0%,50.0%
2017,2,6,Madagascar,10044914,Tanjombato,6,0.0%,16.7%,0.0%,0.0%,0.0%,0.0%,0.0%,100.0%,0.0%
2017,2,6,Madagascar,10058020,Vatolampy,10,90.0%,60.0%,60.0%,80.0%,100.0%,90.0%,100.0%,100.0%,90.0%
2017,2,6,Madagascar,10044922,Voromailala,1,100.0%,100.0%,0.0%,0.0%,50.0%,100.0%,0.0%,0.0%,0.0%
2017,2,6,Mauritius,10044590,Baroda S/s,4,100.0%,100.0%,75.0%,75.0%,87.5%,100.0%,100.0%,100.0%,100.0%
2017,2,6,Mauritius,1000002,Flacq S/s,1,0.0%,100.0%,0.0%,0.0%,0.0%,0.0%,100.0%,100.0%,100.0%
2017,2,6,Mauritius,10044608,Lataniers S/s,1,0.0%,0.0%,0.0%,0.0%,0.0%,0.0%,0.0%,100.0%,0.0%
2017,2,6,Mauritius,1000004,Riviere Noire S/s,1,100.0%,100.0%,100.0%,100.0%,50.0%,N/A,100.0%,100.0%,0.0%
2017,2,6,Mauritius,10044621,Southern S/s,2,50.0%,100.0%,100.0%,100.0%,100.0%,100.0%,100.0%,100.0%,100.0%
2017,2,6,Mauritius,10044623,St Jean S/s,1,0.0%,0.0%,0.0%,0.0%,0.0%,N/A,0.0%,0.0%,0.0%
2017,2,6,Morocco,10043656,42834,1,100.0%,0.0%,0.0%,0.0%,0.0%,0.0%,100.0%,100.0%,100.0%
2017,2,6,Morocco,10043895,Ahl Sousse (Rocade Agadir),1,0.0%,0.0%,0.0%,0.0%,0.0%,0.0%,100.0%,100.0%,100.0%
2017,2,6,Morocco,10043672,Amskroude,1,100.0%,100.0%,100.0%,100.0%,100.0%,100.0%,100.0%,100.0%,100.0%
2017,2,6,Morocco,10043705,Beni Mathar (Echark),1,0.0%,0.0%,0.0%,0.0%,0.0%,0.0%,0.0%,0.0%,0.0%
2017,2,6,Morocco,10043728,Chefchaouni,1,0.0%,0.0%,0.0%,0.0%,0.0%,0.0%,0.0%,0.0%,0.0%
2017,2,6,Morocco,10043831,Lucien Saint,5,100.0%,100.0%,100.0%,100.0%,100.0%,100.0%,100.0%,100.0%,100.0%
2017,2,6,Morocco,10043832,Maamora,1,100.0%,100.0%,100.0%,100.0%,100.0%,100.0%,100.0%,100.0%,100.0%
2017,2,6,Morocco,10043901,Safsaf,1,100.0%,100.0%,0.0%,100.0%,100.0%,0.0%,100.0%,100.0%,100.0%
2017,2,6,Namibia,10042451,Gobabis S/s,1,100.0%,0.0%,0.0%,100.0%,50.0%,N/A,0.0%,100.0%,100.0%
2017,2,6,Namibia,10042457,Omwandi Shell S/s,1,100.0%,100.0%,100.0%,100.0%,100.0%,0.0%,100.0%,100.0%,100.0%
2017,2,6,Namibia,10042456,Spandiens Motors,2,50.0%,100.0%,100.0%,50.0%,100.0%,0.0%,100.0%,100.0%,50.0%
2017,2,6,Senegal,10090001,Ss Almadies,4,25.0%,50.0%,50.0%,75.0%,25.0%,0.0%,100.0%,100.0%,100.0%
2017,2,6,Senegal,10044365,Ss Azur,9,22.2%,33.3%,0.0%,33.3%,11.1%,33.3%,55.6%,55.6%,44.4%
2017,2,6,Senegal,10061113,Ss Bel Air,2,50.0%,100.0%,50.0%,50.0%,75.0%,0.0%,100.0%,100.0%,100.0%
2017,2,6,Senegal,1300005,Ss Bourguiba 2,1,0.0%,100.0%,100.0%,0.0%,0.0%,0.0%,100.0%,100.0%,100.0%
2017,2,6,Senegal,10044346,Ss Cluny,4,50.0%,50.0%,0.0%,25.0%,37.5%,N/A,100.0%,100.0%,25.0%
2017,2,6,Senegal,10061111,Ss Golf,5,40.0%,40.0%,40.0%,40.0%,50.0%,66.7%,40.0%,0.0%,40.0%
2017,2,6,Senegal,10044382,Ss Grand Yoff,6,66.7%,50.0%,50.0%,33.3%,33.3%,100.0%,66.7%,50.0%,66.7%
2017,2,6,Senegal,10044334,Ss Liberte 5,1,0.0%,0.0%,0.0%,0.0%,0.0%,100.0%,100.0%,100.0%,100.0%
2017,2,6,Senegal,10090003,Ss Malika,13,69.2%,69.2%,61.5%,46.2%,65.4%,62.5%,69.2%,76.9%,84.6%
2017,2,6,Senegal,10090002,Ss Mbacké,1,100.0%,100.0%,100.0%,100.0%,100.0%,100.0%,100.0%,100.0%,100.0%
2017,2,6,Senegal,10044355,Ss Niarry Tally,1,100.0%,0.0%,0.0%,100.0%,50.0%,N/A,100.0%,100.0%,100.0%
2017,2,6,Senegal,10044342,Ss Pasteur,4,25.0%,75.0%,25.0%,0.0%,25.0%,25.0%,100.0%,50.0%,25.0%
2017,2,6,Senegal,10044351,Ss Patte Doie,6,16.7%,50.0%,0.0%,33.3%,25.0%,50.0%,66.7%,0.0%,16.7%
2017,2,6,Senegal,10044356,Ss Phenix,2,50.0%,50.0%,50.0%,50.0%,75.0%,50.0%,100.0%,100.0%,50.0%
2017,2,6,Senegal,10044338,Ss Pikine 1,2,50.0%,50.0%,50.0%,100.0%,0.0%,N/A,0.0%,100.0%,50.0%
2017,2,6,Senegal,10044354,Ss Point E,1,0.0%,0.0%,0.0%,0.0%,0.0%,N/A,100.0%,0.0%,0.0%
2017,2,6,Senegal,10044318,Ss Richard Toll 1,3,33.3%,66.7%,33.3%,66.7%,33.3%,50.0%,100.0%,100.0%,100.0%
2017,2,6,Senegal,10044348,Ss Rue 37,3,66.7%,33.3%,0.0%,0.0%,16.7%,0.0%,100.0%,66.7%,33.3%
2017,2,6,Senegal,10044304,Ss Rufisque 1,3,66.7%,33.3%,0.0%,0.0%,50.0%,50.0%,66.7%,100.0%,66.7%
2017,2,6,Senegal,1300010,Ss Soeco,7,42.9%,57.1%,57.1%,57.1%,35.7%,33.3%,71.4%,85.7%,85.7%
2017,2,6,Senegal,10044331,Ss Soprim,2,50.0%,0.0%,0.0%,0.0%,25.0%,0.0%,100.0%,50.0%,50.0%
2017,2,6,Senegal,10044368,Ss Unite Africaine,4,50.0%,50.0%,50.0%,25.0%,12.5%,N/A,50.0%,50.0%,25.0%
2017,2,6,Senegal,10044378,Ss Vdn,1,100.0%,100.0%,0.0%,100.0%,100.0%,100.0%,100.0%,100.0%,100.0%
2017,2,6,Senegal,1300012,Ss Youssou Mbargane,1,100.0%,100.0%,100.0%,0.0%,0.0%,N/A,100.0%,100.0%,100.0%
2017,2,6,Tunisia,10090458,Akouda,1,100.0%,100.0%,100.0%,100.0%,100.0%,100.0%,100.0%,100.0%,100.0%
2017,2,6,Tunisia,10044676,Ariana,23,65.2%,82.6%,60.9%,60.9%,65.2%,59.1%,73.9%,78.3%,73.9%
2017,2,6,Tunisia,10090438,Ariana Gp10,6,33.3%,33.3%,33.3%,33.3%,33.3%,40.0%,33.3%,33.3%,50.0%
2017,2,6,Tunisia,10044804,Beja Iii,3,100.0%,66.7%,33.3%,33.3%,33.3%,33.3%,66.7%,100.0%,0.0%
2017,2,6,Tunisia,10044694,Beni Khalled,1,100.0%,100.0%,100.0%,100.0%,100.0%,100.0%,100.0%,100.0%,100.0%
2017,2,6,Tunisia,10044774,Bir El Hfey,26,57.7%,65.4%,53.8%,53.8%,59.6%,57.7%,80.8%,84.6%,61.5%
2017,2,6,Tunisia,10044690,Boumhel,1,100.0%,100.0%,100.0%,100.0%,100.0%,100.0%,100.0%,100.0%,0.0%
2017,2,6,Tunisia,10044806,Bousalem,1,0.0%,100.0%,100.0%,100.0%,100.0%,100.0%,0.0%,100.0%,0.0%
2017,2,6,Tunisia,10090439,Dar Chaabane,38,65.8%,63.2%,68.4%,60.5%,61.8%,55.2%,97.4%,81.6%,68.4%
2017,2,6,Tunisia,10044714,El Fahs,8,50.0%,50.0%,50.0%,75.0%,75.0%,57.1%,100.0%,100.0%,87.5%
2017,2,6,Tunisia,10044686,Ezzahra,11,81.8%,90.9%,36.4%,72.7%,68.2%,36.4%,100.0%,100.0%,81.8%
2017,2,6,Tunisia,10090437,Ezzahra Ii,27,92.6%,77.8%,81.5%,81.5%,81.5%,76.9%,100.0%,92.6%,77.8%
2017,2,6,Tunisia,10044665,Ezzouhour,28,64.3%,75.0%,75.0%,71.4%,71.4%,78.6%,78.6%,50.0%,46.4%
2017,2,6,Tunisia,10044757,Gabes Oasis,6,50.0%,50.0%,33.3%,33.3%,50.0%,20.0%,33.3%,33.3%,33.3%
2017,2,6,Tunisia,10044755,Gabes Ville,2,100.0%,50.0%,50.0%,0.0%,0.0%,0.0%,100.0%,100.0%,100.0%
2017,2,6,Tunisia,10044769,Gafsa Ii,10,60.0%,40.0%,50.0%,40.0%,45.0%,50.0%,70.0%,70.0%,50.0%
2017,2,6,Tunisia,10044673,Gp 9,2,0.0%,50.0%,50.0%,0.0%,0.0%,0.0%,50.0%,0.0%,0.0%
2017,2,6,Tunisia,10044699,Hammamet,1,0.0%,100.0%,0.0%,0.0%,0.0%,0.0%,100.0%,0.0%,0.0%
2017,2,6,Tunisia,10090745,Jardin El Menzah,6,50.0%,50.0%,33.3%,33.3%,33.3%,75.0%,100.0%,50.0%,66.7%
2017,2,6,Tunisia,1400003,Jayara,7,57.1%,85.7%,85.7%,71.4%,64.3%,83.3%,100.0%,100.0%,100.0%
2017,2,6,Tunisia,10044657,Jbel Jelloud,43,86.0%,93.0%,81.4%,76.7%,83.7%,76.3%,97.7%,100.0%,83.7%
2017,2,6,Tunisia,10044772,Jelma,1,100.0%,100.0%,100.0%,100.0%,100.0%,100.0%,100.0%,100.0%,100.0%
2017,2,6,Tunisia,10044764,Jerba Midoun,1,0.0%,0.0%,0.0%,0.0%,0.0%,0.0%,0.0%,100.0%,100.0%
2017,2,6,Tunisia,10090748,Jerba Souani,12,58.3%,83.3%,83.3%,75.0%,75.0%,58.3%,75.0%,83.3%,50.0%
2017,2,6,Tunisia,10044783,Kairouan Gp12,1,0.0%,100.0%,100.0%,100.0%,50.0%,100.0%,0.0%,0.0%,0.0%
2017,2,6,Tunisia,10044785,Kasserine,4,100.0%,100.0%,75.0%,100.0%,100.0%,100.0%,100.0%,75.0%,75.0%
2017,2,6,Tunisia,10044696,Kelibia,1,0.0%,100.0%,100.0%,100.0%,0.0%,100.0%,100.0%,0.0%,0.0%
2017,2,6,Tunisia,10044677,Ksar Said,1,0.0%,100.0%,0.0%,0.0%,0.0%,100.0%,0.0%,0.0%,0.0%
2017,2,6,Tunisia,10044682,La Soukra,21,71.4%,76.2%,71.4%,81.0%,85.7%,88.2%,95.2%,90.5%,85.7%
2017,2,6,Tunisia,10044791,Le Kef I,2,100.0%,100.0%,50.0%,100.0%,75.0%,100.0%,100.0%,100.0%,100.0%
2017,2,6,Tunisia,10044660,Le Kram,3,66.7%,66.7%,66.7%,66.7%,50.0%,33.3%,100.0%,100.0%,100.0%
2017,2,6,Tunisia,10044737,Mahdia,4,50.0%,75.0%,50.0%,50.0%,62.5%,50.0%,100.0%,100.0%,50.0%
2017,2,6,Tunisia,10044706,Mateur Sud,1,100.0%,100.0%,100.0%,100.0%,100.0%,100.0%,100.0%,100.0%,100.0%
2017,2,6,Tunisia,10044796,Medjez El Bab,6,100.0%,83.3%,83.3%,83.3%,66.7%,83.3%,100.0%,83.3%,83.3%
2017,2,6,Tunisia,10044707,Menzel Bourguiba,1,100.0%,100.0%,100.0%,100.0%,100.0%,100.0%,100.0%,100.0%,100.0%
2017,2,6,Tunisia,1400000,Mghira,5,80.0%,80.0%,60.0%,80.0%,60.0%,40.0%,80.0%,60.0%,40.0%
2017,2,6,Tunisia,10044735,Monastir Rte Aeroport,3,100.0%,100.0%,100.0%,100.0%,100.0%,100.0%,100.0%,100.0%,66.7%
2017,2,6,Tunisia,10044689,Mornag,6,83.3%,66.7%,66.7%,66.7%,66.7%,80.0%,66.7%,66.7%,50.0%
2017,2,6,Tunisia,10044700,Nabeul Mc 27,2,100.0%,100.0%,50.0%,100.0%,50.0%,100.0%,100.0%,100.0%,100.0%
2017,2,6,Tunisia,10044702,Nabeul Mc 28,5,80.0%,40.0%,80.0%,60.0%,70.0%,75.0%,80.0%,60.0%,60.0%
2017,2,6,Tunisia,10044675,Oued Ellil,24,62.5%,73.9%,52.2%,56.5%,59.6%,64.7%,87.5%,91.7%,83.3%
2017,2,6,Tunisia,10044818,Pk 28,3,66.7%,0.0%,66.7%,0.0%,66.7%,33.3%,33.3%,66.7%,0.0%
2017,2,6,Tunisia,10044658,Place Pasteur,4,100.0%,75.0%,75.0%,100.0%,75.0%,100.0%,75.0%,75.0%,50.0%
2017,2,6,Tunisia,10044662,Ras Tabia,28,57.1%,67.9%,39.3%,42.9%,46.4%,48.1%,82.1%,64.3%,35.7%
2017,2,6,Tunisia,10044668,Rte X Bardo,2,100.0%,100.0%,100.0%,100.0%,100.0%,100.0%,100.0%,100.0%,100.0%
2017,2,6,Tunisia,10090457,Sahloul Ii,1,0.0%,0.0%,0.0%,0.0%,0.0%,0.0%,0.0%,0.0%,0.0%
2017,2,6,Tunisia,10044669,Sejoumi,5,60.0%,60.0%,80.0%,60.0%,70.0%,60.0%,100.0%,100.0%,80.0%
2017,2,6,Tunisia,10044789,Sers,2,100.0%,100.0%,100.0%,100.0%,100.0%,100.0%,100.0%,0.0%,0.0%
2017,2,6,Tunisia,10044741,Sfax Moulinville,5,100.0%,80.0%,80.0%,60.0%,50.0%,40.0%,100.0%,100.0%,100.0%
2017,2,6,Tunisia,10044738,Sfax Picville,1,100.0%,100.0%,100.0%,100.0%,100.0%,100.0%,100.0%,100.0%,100.0%
2017,2,6,Tunisia,10044750,Sfax Rte De Gabes Pk 9,31,71.0%,77.4%,58.1%,61.3%,64.5%,65.5%,96.8%,58.1%,54.8%
2017,2,6,Tunisia,10044748,Sfax Rte De Mahdia,1,100.0%,100.0%,100.0%,100.0%,100.0%,100.0%,100.0%,100.0%,0.0%
2017,2,6,Tunisia,10044752,Sfax Rte De Teniour,37,73.0%,59.5%,51.4%,48.6%,59.5%,50.0%,81.1%,75.7%,54.1%
2017,2,6,Tunisia,10044747,Sfax Rte De Tunis Pk11,1,100.0%,100.0%,100.0%,100.0%,100.0%,100.0%,100.0%,100.0%,0.0%
2017,2,6,Tunisia,16100915,Sfax Rte Mahdia Pk 3,2,50.0%,100.0%,50.0%,100.0%,50.0%,100.0%,100.0%,100.0%,50.0%
2017,2,6,Tunisia,10044739,Sfax Rte Mel Chaker,1,100.0%,100.0%,100.0%,100.0%,100.0%,100.0%,100.0%,100.0%,100.0%
2017,2,6,Tunisia,10044666,Sidi Fathallah,22,72.7%,81.8%,72.7%,72.7%,63.6%,68.2%,86.4%,77.3%,63.6%
2017,2,6,Tunisia,10044724,Sidi Khelifa,2,50.0%,50.0%,50.0%,50.0%,50.0%,0.0%,50.0%,0.0%,0.0%
2017,2,6,Tunisia,16100822,Sidiabdelhamid,1,100.0%,0.0%,100.0%,100.0%,50.0%,0.0%,100.0%,100.0%,100.0%
2017,2,6,Tunisia,10044697,Soliman I,1,100.0%,100.0%,0.0%,100.0%,0.0%,100.0%,100.0%,100.0%,100.0%
2017,2,6,Tunisia,10044654,Sortie Ouest Ii,1,0.0%,100.0%,100.0%,0.0%,0.0%,100.0%,0.0%,100.0%,100.0%
2017,2,6,Tunisia,10044688,Sortie Sud,9,66.7%,88.9%,55.6%,77.8%,55.6%,71.4%,77.8%,55.6%,66.7%
2017,2,6,Tunisia,10044722,Sousse Erriadh,1,100.0%,100.0%,100.0%,100.0%,100.0%,100.0%,100.0%,100.0%,100.0%
2017,2,6,Tunisia,10044720,Sousse Nord,1,100.0%,100.0%,0.0%,100.0%,100.0%,100.0%,100.0%,100.0%,100.0%
2017,2,6,Tunisia,10044767,Tataouine,5,80.0%,100.0%,100.0%,100.0%,100.0%,80.0%,100.0%,80.0%,60.0%
2017,2,6,Tunisia,10044758,Teboulbou,1,100.0%,100.0%,100.0%,100.0%,100.0%,100.0%,100.0%,100.0%,100.0%
2017,2,6,Tunisia,10044680,Tebourba,16,37.5%,31.3%,25.0%,25.0%,25.0%,75.0%,43.8%,25.0%,31.3%
2017,2,6,Tunisia,10044771,Tozeur,14,92.9%,92.9%,92.9%,92.9%,92.9%,92.9%,100.0%,100.0%,85.7%
2017,2,6,Tunisia,10044670,Z4 I,11,54.5%,36.4%,54.5%,45.5%,50.0%,44.4%,72.7%,54.5%,63.6%
2017,2,6,Tunisia,10044691,Z4 Ii,7,85.7%,71.4%,100.0%,85.7%,85.7%,100.0%,85.7%,100.0%,85.7%
2017,2,6,Tunisia,10044713,Zaghouan,1,0.0%,0.0%,100.0%,0.0%,0.0%,100.0%,0.0%,0.0%,0.0%
2017,2,6,Tunisia,10044763,Zarzis,1,100.0%,100.0%,100.0%,100.0%,100.0%,100.0%,100.0%,100.0%,100.0%
2017,2,6,Uganda,10057185,Kakumiro Road Service Station-,1,100.0%,100.0%,100.0%,100.0%,100.0%,100.0%,100.0%,100.0%,100.0%
2017,2,6,Uganda,10045272,Shell Ambercourt,1,100.0%,100.0%,100.0%,100.0%,100.0%,100.0%,100.0%,100.0%,100.0%
2017,2,6,Uganda,10085015,Shell Ambercourt (Annex),5,100.0%,80.0%,80.0%,40.0%,90.0%,25.0%,100.0%,100.0%,100.0%
2017,2,6,Uganda,10045316,Shell Ankole,1,100.0%,100.0%,100.0%,100.0%,100.0%,100.0%,100.0%,100.0%,100.0%
2017,2,6,Uganda,10045287,Shell Bugolobi,6,66.7%,66.7%,50.0%,66.7%,75.0%,100.0%,100.0%,50.0%,66.7%
2017,2,6,Uganda,10057187,Shell Bugwere Road,2,100.0%,50.0%,50.0%,100.0%,50.0%,50.0%,100.0%,100.0%,50.0%
2017,2,6,Uganda,10045192,Shell Bukesa,6,83.3%,100.0%,50.0%,100.0%,91.7%,100.0%,83.3%,66.7%,66.7%
2017,2,6,Uganda,1500004,Shell Bulenga,34,61.8%,64.7%,61.8%,64.7%,61.8%,45.0%,82.4%,76.5%,82.4%
2017,2,6,Uganda,10045227,Shell Busega,3,66.7%,66.7%,66.7%,66.7%,66.7%,100.0%,66.7%,33.3%,66.7%
2017,2,6,Uganda,10045238,Shell Bushenyi,11,45.5%,81.8%,81.8%,72.7%,59.1%,50.0%,90.9%,100.0%,81.8%
2017,2,6,Uganda,10090741,Shell Bweyale,1,100.0%,100.0%,100.0%,100.0%,100.0%,100.0%,100.0%,100.0%,100.0%
2017,2,6,Uganda,10045254,Shell Capital,2,50.0%,100.0%,100.0%,0.0%,0.0%,0.0%,100.0%,50.0%,50.0%
2017,2,6,Uganda,10057194,Shell Cathedral Avenue,7,71.4%,71.4%,42.9%,57.1%,50.0%,28.6%,85.7%,85.7%,85.7%
2017,2,6,Uganda,10056417,Shell City Square,4,50.0%,50.0%,75.0%,50.0%,75.0%,100.0%,100.0%,100.0%,75.0%
2017,2,6,Uganda,10045288,Shell Elgon - Annex,1,100.0%,0.0%,0.0%,0.0%,50.0%,100.0%,100.0%,100.0%,100.0%
2017,2,6,Uganda,10045195,Shell Entebbe,1,100.0%,100.0%,100.0%,100.0%,100.0%,100.0%,100.0%,100.0%,100.0%
2017,2,6,Uganda,10045190,Shell Fort Portal,3,66.7%,33.3%,100.0%,33.3%,33.3%,33.3%,66.7%,33.3%,33.3%
2017,2,6,Uganda,10045225,Shell Gayaza,3,100.0%,100.0%,66.7%,100.0%,66.7%,66.7%,66.7%,100.0%,100.0%
2017,2,6,Uganda,10045312,Shell Gulu,3,33.3%,66.7%,33.3%,33.3%,66.7%,N/A,33.3%,100.0%,100.0%
2017,2,6,Uganda,10045261,Shell Gulu Highway,2,50.0%,50.0%,0.0%,50.0%,25.0%,100.0%,100.0%,0.0%,0.0%
2017,2,6,Uganda,700038,Shell Hima,1,100.0%,100.0%,100.0%,0.0%,100.0%,0.0%,100.0%,100.0%,100.0%
2017,2,6,Uganda,10045222,Shell Iganga,6,66.7%,66.7%,83.3%,66.7%,66.7%,66.7%,50.0%,83.3%,33.3%
2017,2,6,Uganda,10090742,Shell Ishaka,6,83.3%,100.0%,80.0%,80.0%,80.0%,60.0%,83.3%,66.7%,66.7%
2017,2,6,Uganda,10045277,Shell Jinja Road,2,100.0%,100.0%,50.0%,50.0%,50.0%,50.0%,100.0%,100.0%,100.0%
2017,2,6,Uganda,10045276,Shell Kaazi,1,100.0%,100.0%,100.0%,100.0%,100.0%,100.0%,100.0%,100.0%,100.0%
2017,2,6,Uganda,10045294,Shell Kabalagala,3,33.3%,66.7%,66.7%,66.7%,66.7%,33.3%,66.7%,33.3%,33.3%
2017,2,6,Uganda,10045199,Shell Kabarole,2,100.0%,50.0%,100.0%,50.0%,25.0%,100.0%,100.0%,50.0%,50.0%
2017,2,6,Uganda,10090566,Shell Kabwohe,6,83.3%,66.7%,83.3%,66.7%,83.3%,40.0%,100.0%,83.3%,83.3%
2017,2,6,Uganda,10089938,Shell Kajjansi,1,100.0%,100.0%,100.0%,100.0%,100.0%,100.0%,100.0%,100.0%,100.0%
2017,2,6,Uganda,10045229,Shell Kalerwe,1,100.0%,100.0%,100.0%,0.0%,100.0%,N/A,100.0%,100.0%,100.0%
2017,2,6,Uganda,1500005,Shell Kanyanya,2,100.0%,100.0%,50.0%,50.0%,75.0%,100.0%,50.0%,100.0%,50.0%
2017,2,6,Uganda,1500000,Shell Kasangati,9,77.8%,88.9%,77.8%,77.8%,77.8%,66.7%,77.8%,100.0%,77.8%
2017,2,6,Uganda,10045252,Shell Kasese,12,75.0%,83.3%,58.3%,45.5%,72.7%,40.0%,91.7%,83.3%,83.3%
2017,2,6,Uganda,10045230,Shell Katwe,19,47.4%,78.9%,47.4%,52.6%,55.3%,57.1%,78.9%,78.9%,47.4%
2017,2,6,Uganda,10045281,Shell Kawempe,5,60.0%,60.0%,60.0%,0.0%,30.0%,0.0%,60.0%,100.0%,80.0%
2017,2,6,Uganda,10045309,Shell Kayunga,1,100.0%,100.0%,100.0%,100.0%,100.0%,0.0%,100.0%,100.0%,100.0%
2017,2,6,Uganda,10045308,Shell Kiboga,1,100.0%,100.0%,100.0%,100.0%,100.0%,0.0%,100.0%,100.0%,100.0%
2017,2,6,Uganda,10045255,Shell Kibuli,2,100.0%,100.0%,50.0%,50.0%,50.0%,50.0%,50.0%,100.0%,0.0%
2017,2,6,Uganda,10045307,Shell Kibuye,3,33.3%,66.7%,66.7%,66.7%,33.3%,0.0%,100.0%,100.0%,66.7%
2017,2,6,Uganda,10045203,Shell Kigezi,3,100.0%,100.0%,66.7%,100.0%,83.3%,100.0%,100.0%,100.0%,33.3%
2017,2,6,Uganda,10045319,Shell Kiira,10,90.0%,100.0%,90.0%,90.0%,100.0%,75.0%,90.0%,70.0%,80.0%
2017,2,6,Uganda,10045204,Shell Kira Road,19,42.1%,68.4%,63.2%,52.6%,63.2%,42.9%,68.4%,63.2%,63.2%
2017,2,6,Uganda,10045205,Shell Kireka,1,0.0%,0.0%,100.0%,0.0%,0.0%,100.0%,100.0%,100.0%,0.0%
2017,2,6,Uganda,1500003,Shell Kitende,1,100.0%,100.0%,100.0%,100.0%,100.0%,100.0%,100.0%,100.0%,100.0%
2017,2,6,Uganda,10045228,Shell Kitoro,2,0.0%,0.0%,0.0%,0.0%,25.0%,0.0%,0.0%,0.0%,0.0%
2017,2,6,Uganda,10045306,Shell Kitovu,1,100.0%,100.0%,100.0%,100.0%,100.0%,100.0%,100.0%,100.0%,100.0%
2017,2,6,Uganda,10045274,Shell Ku Biiri,2,100.0%,100.0%,100.0%,100.0%,75.0%,N/A,100.0%,100.0%,100.0%
2017,2,6,Uganda,10045317,Shell Kumi,3,66.7%,66.7%,66.7%,100.0%,83.3%,66.7%,100.0%,100.0%,66.7%
2017,2,6,Uganda,10045292,Shell Kwania Road,1,100.0%,100.0%,0.0%,0.0%,0.0%,N/A,100.0%,100.0%,100.0%
2017,2,6,Uganda,10045207,Shell Kyabazinga,3,100.0%,66.7%,100.0%,66.7%,100.0%,100.0%,100.0%,100.0%,100.0%
2017,2,6,Uganda,10045264,Shell Kyaggwe,5,100.0%,100.0%,100.0%,100.0%,100.0%,100.0%,100.0%,100.0%,100.0%
2017,2,6,Uganda,10045242,Shell Kyenjojo,1,100.0%,100.0%,100.0%,100.0%,100.0%,100.0%,100.0%,0.0%,0.0%
2017,2,6,Uganda,10045310,Shell Lira,2,50.0%,0.0%,0.0%,100.0%,50.0%,50.0%,100.0%,50.0%,0.0%
2017,2,6,Uganda,10045235,Shell Lira Annex,1,100.0%,100.0%,100.0%,100.0%,100.0%,100.0%,100.0%,100.0%,100.0%
2017,2,6,Uganda,10045295,Shell Lubowa,1,100.0%,100.0%,100.0%,100.0%,100.0%,N/A,100.0%,100.0%,100.0%
2017,2,6,Uganda,10045262,Shell Lugogo,5,40.0%,60.0%,80.0%,20.0%,20.0%,20.0%,20.0%,0.0%,40.0%
2017,2,6,Uganda,10045299,Shell Lukaya,5,100.0%,100.0%,60.0%,80.0%,50.0%,25.0%,100.0%,0.0%,40.0%
2017,2,6,Uganda,10090567,Shell Makerere Kikoni,3,33.3%,66.7%,0.0%,66.7%,33.3%,100.0%,100.0%,100.0%,66.7%
2017,2,6,Uganda,10045260,Shell Masindi,4,50.0%,50.0%,75.0%,75.0%,50.0%,N/A,100.0%,75.0%,50.0%
2017,2,6,Uganda,10045244,Shell Masindi Annex,2,100.0%,100.0%,100.0%,100.0%,100.0%,100.0%,100.0%,50.0%,50.0%
2017,2,6,Uganda,10045211,Shell Mbarara,1,100.0%,100.0%,100.0%,100.0%,50.0%,0.0%,100.0%,100.0%,100.0%
2017,2,6,Uganda,700037,Shell Mbiko,4,50.0%,50.0%,25.0%,25.0%,50.0%,0.0%,75.0%,75.0%,50.0%
2017,2,6,Uganda,10045314,Shell Mengo,2,50.0%,100.0%,100.0%,100.0%,100.0%,100.0%,100.0%,100.0%,50.0%
2017,2,6,Uganda,10045213,Shell Mubende,1,0.0%,0.0%,100.0%,0.0%,0.0%,0.0%,0.0%,100.0%,0.0%
2017,2,6,Uganda,10045313,Shell Mubende Highway Station,5,80.0%,80.0%,100.0%,100.0%,70.0%,50.0%,80.0%,100.0%,40.0%
2017,2,6,Uganda,10045214,Shell Mukono,3,33.3%,66.7%,66.7%,33.3%,66.7%,33.3%,66.7%,66.7%,66.7%
2017,2,6,Uganda,10045253,Shell Mulago,6,33.3%,66.7%,33.3%,50.0%,58.3%,40.0%,83.3%,100.0%,100.0%
2017,2,6,Uganda,1500011,Shell Muyenga,1,0.0%,100.0%,100.0%,0.0%,0.0%,N/A,100.0%,100.0%,0.0%
2017,2,6,Uganda,1500010,Shell Najjanankumbi,2,0.0%,100.0%,50.0%,100.0%,50.0%,0.0%,100.0%,0.0%,0.0%
2017,2,6,Uganda,10045217,Shell Namirembe,8,87.5%,75.0%,87.5%,87.5%,75.0%,100.0%,100.0%,87.5%,87.5%
2017,2,6,Uganda,10056419,Shell Nateete Service Station,3,100.0%,100.0%,100.0%,100.0%,100.0%,100.0%,100.0%,100.0%,100.0%
2017,2,6,Uganda,10089939,Shell Ndeeba,5,80.0%,80.0%,40.0%,80.0%,50.0%,80.0%,100.0%,100.0%,100.0%
2017,2,6,Uganda,10045285,Shell Ntinda,2,50.0%,50.0%,50.0%,50.0%,50.0%,0.0%,100.0%,50.0%,50.0%
2017,2,6,Uganda,10045291,Shell Old Kampala,2,50.0%,100.0%,0.0%,50.0%,25.0%,0.0%,100.0%,100.0%,100.0%
2017,2,6,Uganda,10045236,Shell Palisa Road,1,0.0%,100.0%,100.0%,0.0%,100.0%,N/A,100.0%,100.0%,100.0%
2017,2,6,Uganda,1500013,Shell Portbell Road,8,87.5%,87.5%,87.5%,87.5%,93.8%,62.5%,100.0%,75.0%,87.5%
2017,2,6,Uganda,10045245,Shell Rukungiri,1,0.0%,0.0%,0.0%,0.0%,50.0%,0.0%,0.0%,100.0%,100.0%
2017,2,6,Uganda,1500007,Shell Sonde,4,25.0%,25.0%,50.0%,0.0%,25.0%,0.0%,25.0%,50.0%,25.0%
2017,2,6,Uganda,10045315,Shell Soroti,1,100.0%,100.0%,100.0%,100.0%,100.0%,0.0%,100.0%,100.0%,100.0%
2017,2,6,Uganda,10045237,Shell Tororo,2,50.0%,50.0%,50.0%,50.0%,50.0%,0.0%,100.0%,100.0%,100.0%
2017,2,6,Uganda,10056421,Shell Wobulenzi,5,60.0%,80.0%,60.0%,40.0%,50.0%,25.0%,80.0%,80.0%,40.0%